<?xml version='1.0' encoding='UTF-8'?>
<!DOCTYPE hibernate-configuration PUBLIC
          "-//Hibernate/Hibernate Configuration DTD 3.0//EN"
          "http://hibernate.sourceforge.net/hibernate-configuration-3.0.dtd">

<!-- Generated by MyEclipse Hibernate Tools.                   -->
<hibernate-configuration>

	<session-factory>
		<property name="dialect">org.hibernate.dialect.Oracle9iDialect</property>
		<property name="connection.url">jdbc:oracle:thin:@172.16.7.189:1521:ora189</property>
		<property name="connection.username">ts_op</property>
		<property name="connection.password">ts_0pl</property>
		<property name="connection.driver_class">oracle.jdbc.OracleDriver</property>
		<property name="myeclipse.connection.profile">oracledb</property>
		<property name="show_sql">true</property>
		<mapping resource="com/ebao/ts/TsPrint.hbm.xml" />

	</session-factory>

</hibernate-configuration>
