<?xml version="1.0" encoding="utf-8"?>
<!DOCTYPE hibernate-mapping PUBLIC "-//Hibernate/Hibernate Mapping DTD 3.0//EN"
"http://hibernate.sourceforge.net/hibernate-mapping-3.0.dtd">
<!-- 
    Mapping file autogenerated by MyEclipse Persistence Tools
-->
<hibernate-mapping>
    <class name="com.ebao.ts.ADbSvr" table="A_DB_SVR" schema="ts_op">
        <id name="dbId" type="java.math.BigDecimal">
            <column name="DB_ID" precision="22" scale="0" />
            <generator class="sequence" />
        </id>
        <property name="dbIp" type="java.lang.String">
            <column name="DB_IP" length="15" not-null="true" />
        </property>
        <property name="osDbUser" type="java.lang.String">
            <column name="OS_DB_USER" length="15" />
        </property>
        <property name="osDbPasswd" type="java.lang.String">
            <column name="OS_DB_PASSWD" length="20" />
        </property>
        <property name="dbSid" type="java.lang.String">
            <column name="DB_SID" length="15" not-null="true" />
        </property>
        <property name="dbUser" type="java.lang.String">
            <column name="DB_USER" length="30" not-null="true" />
        </property>
        <property name="dbUserPasswd" type="java.lang.String">
            <column name="DB_USER_PASSWD" length="30" not-null="true" />
        </property>
        <property name="dbUserType" type="java.lang.String">
            <column name="DB_USER_TYPE" length="10" not-null="true" />
        </property>
        <property name="projEnv" type="java.lang.String">
            <column name="PROJ_ENV" length="50" not-null="true" />
        </property>
        <property name="projectGroup" type="java.lang.String">
            <column name="PROJECT_GROUP" length="20" />
        </property>
        <property name="proposer" type="java.lang.String">
            <column name="PROPOSER" length="30" />
        </property>
        <property name="creater" type="java.lang.String">
            <column name="CREATER" length="15" not-null="true" />
        </property>
        <property name="createDate" type="java.util.Date">
            <column name="CREATE_DATE" length="7" />
        </property>
        <property name="dbManager" type="java.lang.String">
            <column name="DB_MANAGER" length="15" />
        </property>
        <property name="dbVersion" type="java.lang.String">
            <column name="DB_VERSION" length="20" />
        </property>
        <property name="dbCharacter" type="java.lang.String">
            <column name="DB_CHARACTER" length="20" />
        </property>
        <property name="dbPortNum" type="java.math.BigDecimal">
            <column name="DB_PORT_NUM" precision="22" scale="0" />
        </property>
        <property name="dbListener" type="java.lang.String">
            <column name="DB_LISTENER" length="100" />
        </property>
        <property name="dbStatus" type="java.lang.String">
            <column name="DB_STATUS" length="30" not-null="true" />
        </property>
        <property name="projCode" type="java.math.BigDecimal">
            <column name="PROJ_CODE" precision="22" scale="0" />
        </property>
        <property name="latestUpdateDate" type="java.util.Date">
            <column name="LATEST_UPDATE_DATE" length="7" />
        </property>
        <property name="isDirectReg" type="java.math.BigDecimal">
            <column name="IS_DIRECT_REG" precision="22" scale="0" />
        </property>
        <property name="isBackup" type="java.math.BigDecimal">
            <column name="IS_BACKUP" precision="22" scale="0" />
        </property>
        <property name="applyType" type="java.lang.String">
            <column name="APPLY_TYPE" length="50" />
        </property>
        <property name="envId" type="java.math.BigDecimal">
            <column name="ENV_ID" precision="22" scale="0" />
        </property>
        <set name="AUpdateStatHists" inverse="true">
            <key>
                <column name="DB_ID" precision="22" scale="0" />
            </key>
            <one-to-many class="com.ebao.ts.AUpdateStatHist" />
        </set>
    </class>
</hibernate-mapping>
