<?xml version="1.0" encoding="utf-8"?>
<!DOCTYPE hibernate-mapping PUBLIC "-//Hibernate/Hibernate Mapping DTD 3.0//EN"
"http://hibernate.sourceforge.net/hibernate-mapping-3.0.dtd">
<!-- 
    Mapping file autogenerated by MyEclipse Persistence Tools
-->
<hibernate-mapping>
    <class name="com.ebao.ts.AProjEnvSvr" table="A_PROJ_ENV_SVR" schema="ts_op">
        <id name="envId" type="java.lang.Double">
            <column name="ENV_ID" precision="0" />
            <generator class="sequence" />
        </id>
        <many-to-one name="AHardware" class="com.ebao.ts.AHardware" fetch="select">
            <column name="MAC_IP" length="20" not-null="true" />
        </many-to-one>
        <property name="envIp" type="java.lang.String">
            <column name="ENV_IP" length="30" not-null="true" />
        </property>
        <property name="projEnv" type="java.lang.String">
            <column name="PROJ_ENV" length="50" />
        </property>
        <property name="webInstPath" type="java.lang.String">
            <column name="WEB_INST_PATH" length="200" />
        </property>
        <property name="htmlPath" type="java.lang.String">
            <column name="HTML_PATH" length="200" />
        </property>
        <property name="appName" type="java.lang.String">
            <column name="APP_NAME" length="200" />
        </property>
        <property name="appInstPath" type="java.lang.String">
            <column name="APP_INST_PATH" length="200" />
        </property>
        <property name="appPort" type="java.lang.String">
            <column name="APP_PORT" length="10" />
        </property>
        <property name="dbInfo" type="java.lang.String">
            <column name="DB_INFO" length="50" not-null="true" />
        </property>
        <property name="dbUsr" type="java.lang.String">
            <column name="DB_USR" length="30" />
        </property>
        <property name="dbPwd" type="java.lang.String">
            <column name="DB_PWD" length="30" />
        </property>
        <property name="envUsr" type="java.lang.String">
            <column name="ENV_USR" length="30" />
        </property>
        <property name="envPwd" type="java.lang.String">
            <column name="ENV_PWD" length="30" />
        </property>
        <property name="conUsr" type="java.lang.String">
            <column name="CON_USR" length="30" />
        </property>
        <property name="conPwd" type="java.lang.String">
            <column name="CON_PWD" length="30" />
        </property>
        <property name="ftpUsr" type="java.lang.String">
            <column name="FTP_USR" length="30" />
        </property>
        <property name="ftpPwd" type="java.lang.String">
            <column name="FTP_PWD" length="30" />
        </property>
        <property name="projGrp" type="java.lang.String">
            <column name="PROJ_GRP" length="20" />
        </property>
        <property name="projDns" type="java.lang.String">
            <column name="PROJ_DNS" length="100" />
        </property>
        <property name="creater" type="java.lang.String">
            <column name="CREATER" length="20" not-null="true" />
        </property>
        <property name="crtDate" type="java.sql.Timestamp">
            <column name="CRT_DATE" length="7" />
        </property>
        <property name="proposer" type="java.lang.String">
            <column name="PROPOSER" length="20" />
        </property>
        <property name="envState" type="java.lang.String">
            <column name="ENV_STATE" length="10" />
        </property>
        <property name="projCode" type="java.lang.Double">
            <column name="PROJ_CODE" precision="0" />
        </property>
        <property name="latestUpdateDate" type="java.sql.Timestamp">
            <column name="LATEST_UPDATE_DATE" length="7" />
        </property>
        <property name="backupDir" type="java.lang.String">
            <column name="BACKUP_DIR" length="300" />
        </property>
        <property name="note" type="java.lang.String">
            <column name="NOTE" length="1024" />
        </property>
        <property name="startupScript" type="java.lang.String">
            <column name="STARTUP_SCRIPT" length="200" />
        </property>
        <property name="dmsType" type="java.lang.String">
            <column name="DMS_TYPE" length="100" />
        </property>
        <property name="printType" type="java.lang.String">
            <column name="PRINT_TYPE" length="100" />
        </property>
        <property name="applyType" type="java.lang.String">
            <column name="APPLY_TYPE" length="50" />
        </property>
        <property name="appConsole" type="java.lang.String">
            <column name="APP_CONSOLE" length="50" />
        </property>
        <property name="printIp" type="java.lang.String">
            <column name="PRINT_IP" length="100" />
        </property>
        <property name="printUser" type="java.lang.String">
            <column name="PRINT_USER" length="100" />
        </property>
        <property name="printPwd" type="java.lang.String">
            <column name="PRINT_PWD" length="100" />
        </property>
        <property name="printDir" type="java.lang.String">
            <column name="PRINT_DIR" length="200" />
        </property>
        <property name="dbLdapName" type="java.lang.String">
            <column name="DB_LDAP_NAME" length="30" not-null="true" />
        </property>
    </class>
</hibernate-mapping>
