<?xml version="1.0" encoding="utf-8"?>
<!DOCTYPE hibernate-mapping PUBLIC "-//Hibernate/Hibernate Mapping DTD 3.0//EN"
"http://hibernate.sourceforge.net/hibernate-mapping-3.0.dtd">
<!-- 
    Mapping file autogenerated by MyEclipse Persistence Tools
-->
<hibernate-mapping>
    <class name="com.ebao.ts.TsDb" table="TS_DB" schema="">
        <composite-id name="id" class="com.ebao.ts.TsDbId">
            <key-property name="dbIp" type="java.lang.String">
                <column name="DB_IP" length="15" />
            </key-property>
            <key-property name="osDbUser" type="java.lang.String">
                <column name="OS_DB_USER" length="15" />
            </key-property>
            <key-property name="osDbPasswd" type="java.lang.String">
                <column name="OS_DB_PASSWD" length="20" />
            </key-property>
            <key-property name="dbSid" type="java.lang.String">
                <column name="DB_SID" length="15" />
            </key-property>
            <key-property name="sysPwd" type="java.lang.String">
                <column name="SYS_PWD" length="30" />
            </key-property>
            <key-property name="systemPwd" type="java.lang.String">
                <column name="SYSTEM_PWD" length="11" />
            </key-property>
            <key-property name="proposer" type="java.lang.String">
                <column name="PROPOSER" length="15" />
            </key-property>
            <key-property name="creater" type="java.lang.String">
                <column name="CREATER" length="15" />
            </key-property>
            <key-property name="createDate" type="java.util.Date">
                <column name="CREATE_DATE" length="7" />
            </key-property>
            <key-property name="dbManager" type="java.lang.String">
                <column name="DB_MANAGER" length="15" />
            </key-property>
            <key-property name="dbVersion" type="java.lang.String">
                <column name="DB_VERSION" length="20" />
            </key-property>
            <key-property name="dbCharacter" type="java.lang.String">
                <column name="DB_CHARACTER" length="20" />
            </key-property>
            <key-property name="dbPortNum" type="java.math.BigDecimal">
                <column name="DB_PORT_NUM" precision="22" scale="0" />
            </key-property>
            <key-property name="dbListener" type="java.lang.String">
                <column name="DB_LISTENER" length="100" />
            </key-property>
            <key-property name="dbStatus" type="java.lang.String">
                <column name="DB_STATUS" length="30" />
            </key-property>
            <key-property name="dbId" type="java.math.BigDecimal">
                <column name="DB_ID" precision="22" scale="0" />
            </key-property>
            <key-property name="latestUpdateDate" type="java.util.Date">
                <column name="LATEST_UPDATE_DATE" length="7" />
            </key-property>
            <key-property name="purpose" type="java.lang.String">
                <column name="PURPOSE" length="30" />
            </key-property>
            <key-property name="ldapName" type="java.lang.String">
                <column name="LDAP_NAME" length="30" />
            </key-property>
        </composite-id>
    </class>
</hibernate-mapping>
