<?xml version="1.0" encoding="utf-8"?>
<!DOCTYPE hibernate-mapping PUBLIC "-//Hibernate/Hibernate Mapping DTD 3.0//EN"
"http://hibernate.sourceforge.net/hibernate-mapping-3.0.dtd">
<!-- 
    Mapping file autogenerated by MyEclipse Persistence Tools
-->
<hibernate-mapping>
    <class name="com.ebao.ts.TsMember" table="TS_MEMBER" schema="">
        <id name="no" type="java.lang.Short">
            <column name="NO" precision="4" scale="0" />
            <generator class="sequence" />
        </id>
        <property name="name" type="java.lang.String">
            <column name="NAME" length="20" not-null="true" />
        </property>
        <property name="cname" type="java.lang.String">
            <column name="CNAME" length="10" />
        </property>
        <property name="account" type="java.lang.String">
            <column name="ACCOUNT" length="20" not-null="true" unique="true" />
        </property>
        <property name="mobile1" type="java.lang.Long">
            <column name="MOBILE1" precision="11" scale="0" not-null="true" />
        </property>
        <property name="mobile2" type="java.lang.Long">
            <column name="MOBILE2" precision="11" scale="0" />
        </property>
        <property name="ext" type="java.lang.Integer">
            <column name="EXT" precision="5" scale="0" />
        </property>
        <property name="resign" type="java.lang.Boolean">
            <column name="RESIGN" precision="1" scale="0" not-null="true" />
        </property>
        <set name="tsProjs" inverse="true">
            <key>
                <column name="OWNER1" precision="4" scale="0" />
            </key>
            <one-to-many class="com.ebao.ts.TsProj" />
        </set>
    </class>
</hibernate-mapping>
