<?xml version="1.0" encoding="utf-8"?>
<!DOCTYPE hibernate-mapping PUBLIC "-//Hibernate/Hibernate Mapping DTD 3.0//EN"
"http://hibernate.sourceforge.net/hibernate-mapping-3.0.dtd">
<!-- 
    Mapping file autogenerated by MyEclipse Persistence Tools
-->
<hibernate-mapping>
    <class name="com.ebao.ts.TsProj" table="TS_PROJ" schema="ts_op">
        <id name="projId" type="java.lang.Double">
            <column name="PROJ_ID" precision="0" />
            <generator class="sequence" />
        </id>
        <many-to-one name="tsMember" class="com.ebao.ts.TsMember" fetch="select">
            <column name="OWNER1" precision="4" scale="0" />
        </many-to-one>
        <property name="projGrp" type="java.lang.String">
            <column name="PROJ_GRP" length="16" not-null="true" />
        </property>
        <property name="projName" type="java.lang.String">
            <column name="PROJ_NAME" length="20" not-null="true" unique="true" />
        </property>
        <property name="projDesc" type="java.lang.String">
            <column name="PROJ_DESC" length="100" />
        </property>
        <property name="division" type="java.lang.String">
            <column name="DIVISION" length="20" />
        </property>
        <property name="projType" type="java.lang.String">
            <column name="PROJ_TYPE" length="1" />
        </property>
        <property name="valid" type="java.lang.Boolean">
            <column name="VALID" precision="1" scale="0" />
        </property>
        <property name="owner2" type="java.lang.Short">
            <column name="OWNER2" precision="4" scale="0" />
        </property>
        <property name="tsCost" type="java.lang.Double">
            <column name="TS_COST" precision="3" />
        </property>
        <property name="tsCost1" type="java.lang.Double">
            <column name="TS_COST1" precision="3" />
        </property>
        <property name="tsCost2" type="java.lang.Double">
            <column name="TS_COST2" precision="3" />
        </property>
        <property name="validFlag" type="java.lang.Boolean">
            <column name="VALID_FLAG" precision="1" scale="0" />
        </property>
    </class>
</hibernate-mapping>
