<?xml version="1.0" encoding="utf-8"?>
<!DOCTYPE hibernate-mapping PUBLIC "-//Hibernate/Hibernate Mapping DTD 3.0//EN"
"http://hibernate.sourceforge.net/hibernate-mapping-3.0.dtd">
<!-- 
    Mapping file autogenerated by MyEclipse Persistence Tools
-->
<hibernate-mapping>
    <class name="com.ebao.ts.TsPrint" table="TS_PRINT" schema="TS_OP">
        <id name="printId" type="java.lang.Long">
            <column name="PRINT_ID" precision="22" scale="0" />
            <generator class="sequence" ><param name="sequence">s_print__id</param></generator>
        </id>
        <property name="printIp" type="java.lang.String">
            <column name="PRINT_IP" length="100" not-null="true" unique="true" />
        </property>
        <property name="printUser" type="java.lang.String">
            <column name="PRINT_USER" length="100" />
        </property>
        <property name="printPwd" type="java.lang.String">
            <column name="PRINT_PWD" length="100" />
        </property>
    </class>
</hibernate-mapping>
