<?xml version="1.0" encoding="utf-8"?>
<!DOCTYPE hibernate-mapping PUBLIC "-//Hibernate/Hibernate Mapping DTD 3.0//EN"
"http://hibernate.sourceforge.net/hibernate-mapping-3.0.dtd">
<!-- 
    Mapping file autogenerated by MyEclipse Persistence Tools
-->
<hibernate-mapping>
    <class name="com.ebao.ts.TsUser" table="TS_USER" schema="ts_op">
        <id name="usr" type="java.lang.String">
            <column name="USR" length="20" />
            <generator class="sequence" />
        </id>
        <property name="pwd" type="java.lang.String">
            <column name="PWD" length="20" />
        </property>
        <property name="name" type="java.lang.String">
            <column name="NAME" length="20" />
        </property>
        <property name="valid" type="java.lang.String">
            <column name="VALID" length="2" />
        </property>
        <property name="certificate" type="java.lang.String">
            <column name="CERTIFICATE" length="1024" />
        </property>
    </class>
</hibernate-mapping>
