<project name="dbgrid" default="buildjar">
	<property file="build.properties"/>
	<property environment="env"/>

	<property name="src.home" value="${basedir}/src/dbgrid"/>
	<property name="dist.home" value="${basedir}/dist"/>
	<property name="build.home" value="${basedir}/build/dbgrid"/>
	<property name="meta.home" value="${basedir}/manifests/dbgrid"/>

	<path id="compile.path">
		<fileset dir="${basedir}/lib">
			<include name="log4j-1.2.9.jar"/>
			<include name="commons-beanutils-core.jar"/>
		</fileset>
		<fileset dir="${tomcat.home}/common/lib">
			<include name="servlet-api.jar"/>
		</fileset>
		<fileset dir="${j2ee.home}/lib">
			<include name="j2ee.jar"/>
		</fileset>
	</path>

	<target name="genBuildNo">
		<echo message="Incrementing build number!"/>
		<propertyfile file="${basedir}/buildno.properties">
			<entry key="dbgrid.buildno" type="int" operation="+" value="1" default="0"/>
		</propertyfile>
	</target>

	<target name="getBuildNo">
		<echo message="Reading build number!"/>
		<loadproperties srcfile="${basedir}/buildno.properties" />
		<echo message="Build number is ${dbgrid.buildno}"/>
	</target>

	<target name="genManifest" depends="getBuildNo">
		<echo message="Build number is : ${dbgrid.buildno}" />
		<mkdir dir="${meta.home}"/>
		<delete file="${meta.home}/MANIFEST.MF"/>
		<tstamp>
			<format property="build.time" pattern="hh:mm aa" />
		</tstamp>
		<manifest file="${meta.home}/MANIFEST.MF" >
			<attribute name="Built-By"   value="${user.name}"/>
			<attribute name="Build-Date" value="${TODAY} at ${build.time}"/>
			<section name="${dbgrid.section}">
				<attribute name="Implementation-Title"	 value="${dbgrid.appname}"/>
				<attribute name="Implementation-Version" value="${dbgrid.version}.${dbgrid.buildno}"/>
				<attribute name="Implementation-Vendor"  value="${dbgrid.vendor}"/>
			</section>
		</manifest>
	</target>

	<target name="compile">
		<mkdir dir="${build.home}"/>
		<javac destdir="${build.home}" debug="${compile.debug}" 
			deprecation="${compile.deprecation}" optimize="${compile.optimize}"
			verbose="${show.output}" listfiles="${show.filelist}"
			srcdir="${src.home}">
			<classpath refid="compile.path"/>
		</javac>
	</target>

	<!--
	Externally usable tasks
	-->

	<target name="clean" description="Clears the build directory.">
		<delete dir="${build.home}"/>
	</target>

	<target name="buildjar" depends="compile, genManifest"
		description="Creates a jar file.">
		<mkdir dir="${dist.home}"/>
		<jar jarfile="${dist.home}/${dbgrid.jarname}-${dbgrid.version}.${dbgrid.buildno}.jar" 
				basedir="${build.home}" 
				manifest="${meta.home}/MANIFEST.MF" />
	</target>

	<target name="dist" depends="compile, genBuildNo, genManifest"
		description="Creates a final jar file by incrementing the build number">
		<mkdir dir="${dist.home}"/>
		<jar jarfile="${dist.home}/${dbgrid.jarname}-${dbgrid.version}.${dbgrid.buildno}.jar" 
				basedir="${build.home}" 
				manifest="${meta.home}/MANIFEST.MF" />
	</target>
</project>